mutant,DMS_score
E3C,0.7456917022004703
A4M,0.7966220324493442
A4V,0.9279500114374818
A4C,0.7333802332572632
R5K,0.7300646755890817
G6V,0.7741592338594768
G6R,0.7573686260211377
G6L,0.9889845560727043
G6C,0.7831896767474231
G6M,0.8042038816734004
S9N,0.8177919194514403
P12M,0.8636185219500397
E15N,0.8153704452249732
G16R,0.7389378117436392
D27Y,0.6412527387593198
D27N,0.8838170467510179
L36Y,0.6459917304802366
D37A,0.9414058689828446
D37P,0.7381640386938595
L44M,0.5173698101489085
R50Q,0.9526300744568675
L52H,0.38934682615757193
L52Y,0.4956813424178159
S54N,0.765019232261567
G55N,0.9182376389152296
V73I,0.8886394606663504
S77N,0.830858504421137
G86N,0.7155539054783233
I90H,0.24156698304195648
A97N,0.6410378142503429
G101N,0.9762598346833833
S102N,0.9177921107625004
V116N,0.5099457889530151
R133P,0.8481033165284972
E135C,0.6242191877113951
T138N,0.7572815515631006
G139E,0.8034186500927681
H142N,0.8764334625671897
V175N,0.7546518288277344
S183N,0.9625250144314945
Y188N,0.6760488861088906
G204N,0.652124816565438
G204M,0.9337780443992064
G204E,0.9690289279328451
S218I,0.9674603226006578
S218N,0.7559947893526174
F223M,0.6793408595503093
C249I,0.8850793614148373
F256Q,0.6651787775338587
S303N,0.7278630028572118
E307Q,0.5238519366957871
L313G,0.399617883553294
L313D,0.6427711628116001
L313N,0.6554765546659372
K333N,0.06749915731592804
T339N,0.8973553362545117
D341C,0.32080741176054917
P342Q,0.5487646728574905
S351N,0.8155089305536903
S392N,0.4203199758360021
E422Y,0.8515602334428828
E423C,0.896991405598782
S426N,0.9868194400157728
E427C,0.8814914179269526
E427A,0.6339549953458946
E427V,0.9554035896405916
E427L,0.9175163794645219
V435K,0.9780014889112059
L436N,0.589944459475599
G440N,0.5393086555040502
E441A,0.8746403401915288
P442A,0.8734637474704147
P442M,0.974063927634725
S464N,0.879130739128871
S493N,0.8273897676836985
S493I,0.9427665354197117
S502N,0.9215427508580396
T516L,0.9059847765859745
T516I,0.9116250812103136
T516M,0.929422599798535
T516C,0.8600383306091206
S517N,0.9552123672207056
R518H,0.9789250942434027
A521I,0.9319848898341978
L524I,0.9793769927891766
L533C,0.9161395886218197
G565W,0.5460928091189872
G565F,0.874046484004715
F581N,0.8654163441497817
I591K,0.7667121695720209
P626K,0.9037614745972954
L627N,0.9331449489258707
D637P,0.653494991213348
T638C,0.8170078389614388
E640A,0.9664908136802761
L642I,0.9436737026980243
R650N,0.7694403379520562
E651M,0.7566073679486672
A654Q,0.8139502870327032
P655M,0.7116117144913621
