mutant,DMS_score
V1A,0.9288917022004702
R5D,0.7005220324493442
R5N,0.49895001143748174
R5V,0.6581802332572632
P12N,0.9726646755890818
E23F,0.7819592338594769
S25L,0.9125686260211378
S29F,0.7984845560727043
C31L,0.8810896767474231
C31F,0.9334038816734004
S32Y,0.8981919194514403
P34F,0.9303185219500397
P38T,0.5165704452249731
H41V,0.5188378117436392
E53A,0.9052527387593198
G55H,0.8393170467510179
G86K,0.1612917304802367
D91A,0.42930586898284456
T93V,0.5548640386938595
D99K,0.6785698101489085
E135H,0.21623007445686757
E136H,0.7793468261575719
G139N,0.8789813424178159
G139A,0.8662192322615669
H140V,0.8156376389152296
H140I,0.6850394606663505
H140L,0.740158504421137
W164T,0.7879539054783232
W164R,0.4081669830419565
W164P,0.826237814250343
W164K,0.3367598346833833
W164I,0.6980921107625006
W164H,0.8525457889530151
W164M,0.3728033165284973
W164D,0.6140191877113951
E167H,0.7949815515631007
E168H,0.9719186500927681
F171M,0.8773334625671897
H180Y,0.9261518288277344
H180F,0.9313250144314945
S218T,0.9511488861088906
S218V,0.8088248165654379
G260D,0.6340780443992065
K280V,0.7365289279328452
K280I,0.7698603226006578
P285V,0.8688947893526175
L313H,0.4848408595503093
R324N,0.6628793614148374
E325H,0.3072787775338586
D341L,0.6937630028572118
D341F,0.5374519366957871
D341G,0.530517883553294
D341H,0.2739711628115999
D341I,0.3817765546659372
D341K,0.594799157315928
D341M,0.4294553362545117
D341S,0.5115074117605491
D341R,0.7064646728574906
D341Q,0.6246089305536904
D341T,0.4595199758360021
P342R,0.1596602334428828
P342M,0.542391405598782
P342H,0.016519440015772775
P342C,0.5745914179269527
P354M,0.6171549953458946
E359H,0.7105035896405916
E398F,0.925216379464522
E414H,0.9196014889112059
E422V,0.9150444594755991
E423V,0.9598086555040501
E423M,0.9499403401915287
E427F,0.9707637474704146
E427Y,0.9049639276347251
E427I,0.8640307391288711
E427W,0.8677897676836985
E428H,0.9075665354197117
G440F,0.8268427508580396
E441V,0.7302847765859745
P442I,0.6680250812103136
R444N,0.605622599798535
D456F,0.9496383306091206
E457F,0.8895123672207055
E462F,0.9518250942434027
E468H,0.6544848898341977
E468R,0.7192769927891766
E469R,0.8443395886218197
E532F,0.9809928091189871
R534I,0.9256464840047148
G544H,0.9560163441497818
G544F,0.7230121695720209
E545F,0.9470614745972954
N619W,0.7856449489258707
Q633T,0.657294991213348
E640K,0.9485078389614388
R650I,0.7427908136802761
R650V,0.8295737026980243
R650D,0.7177403379520563
R650A,0.6949073679486671
R650K,0.8368502870327031
R650T,0.6289117144913621
